{
    "AnimationIds": {},
    "PixelIds": {
        "1": {
            "Col": 16,
            "Row": 6,
            "ScanCode": 3,
            "x": 118.65,
            "y": 1.0,
            "z": 0.0
        },
        "2": {
            "Col": 4,
            "Row": 0,
            "ScanCode": 4,
            "x": 99.6,
            "y": 1.0,
            "z": 0.0
        },
        "3": {
            "Col": 6,
            "Row": 0,
            "ScanCode": 5,
            "x": 80.55,
            "y": 2.0,
            "z": 0.0
        },
        "4": {
            "Col": 8,
            "Row": 0,
            "ScanCode": 6,
            "x": 61.5,
            "y": 4.0,
            "z": 0.0
        },
        "5": {
            "Col": 10,
            "Row": 0,
            "ScanCode": 7,
            "x": 42.45,
            "y": 3.0,
            "z": 0.0
        },
        "6": {
            "Col": 12,
            "Row": 0,
            "ScanCode": 8,
            "x": 23.4,
            "y": 0.0,
            "z": 0.0
        },
        "7": {
            "Col": 14,
            "Row": 0,
            "ScanCode": 9,
            "x": 0.0,
            "y": 0.0,
            "z": 0.0
        },
        "8": {
            "Col": 16,
            "Row": 0,
            "ScanCode": 12,
            "x": 118.65,
            "y": -23.05,
            "z": 0.0
        },
        "9": {
            "Col": 4,
            "Row": 1,
            "ScanCode": 13,
            "x": 99.6,
            "y": -18.05,
            "z": 0.0
        },
        "10": {
            "Col": 6,
            "Row": 1,
            "ScanCode": 14,
            "x": 80.55,
            "y": -17.05,
            "z": 0.0
        },
        "11": {
            "Col": 8,
            "Row": 1,
            "ScanCode": 15,
            "x": 61.5,
            "y": -15.05,
            "z": 0.0
        },
        "12": {
            "Col": 10,
            "Row": 1,
            "ScanCode": 16,
            "x": 42.45,
            "y": -16.05,
            "z": 0.0
        },
        "13": {
            "Col": 12,
            "Row": 1,
            "ScanCode": 17,
            "x": 23.4,
            "y": -19.05,
            "z": 0.0
        },
        "14": {
            "Col": 14,
            "Row": 1,
            "ScanCode": 18,
            "x": 0.0,
            "y": -19.05,
            "z": 0.0
        },
        "15": {
            "Col": 16,
            "Row": 1,
            "ScanCode": 22,
            "x": 99.6,
            "y": -37.1,
            "z": 0.0
        },
        "16": {
            "Col": 6,
            "Row": 2,
            "ScanCode": 23,
            "x": 80.55,
            "y": -36.1,
            "z": 0.0
        },
        "17": {
            "Col": 8,
            "Row": 2,
            "ScanCode": 24,
            "x": 61.5,
            "y": -34.1,
            "z": 0.0
        },
        "18": {
            "Col": 10,
            "Row": 2,
            "ScanCode": 25,
            "x": 42.45,
            "y": -35.1,
            "z": 0.0
        },
        "19": {
            "Col": 12,
            "Row": 2,
            "ScanCode": 26,
            "x": 23.4,
            "y": -38.1,
            "z": 0.0
        },
        "20": {
            "Col": 14,
            "Row": 2,
            "ScanCode": 27,
            "x": 0.0,
            "y": -38.1,
            "z": 0.0
        },
        "21": {
            "Col": 16,
            "Row": 2,
            "ScanCode": 28,
            "x": 154.95,
            "y": -75.05,
            "z": 0.0
        },
        "22": {
            "Col": 0,
            "Row": 4,
            "ScanCode": 29,
            "x": 138.65,
            "y": -68.05,
            "z": 0.0
        },
        "23": {
            "Col": 2,
            "Row": 4,
            "ScanCode": 30,
            "x": 118.65,
            "y": -51.05,
            "z": 0.0
        },
        "24": {
            "Col": 4,
            "Row": 3,
            "ScanCode": 31,
            "x": 99.6,
            "y": -56.15,
            "z": 0.0
        },
        "25": {
            "Col": 6,
            "Row": 3,
            "ScanCode": 32,
            "x": 80.55,
            "y": -55.15,
            "z": 0.0
        },
        "26": {
            "Col": 8,
            "Row": 3,
            "ScanCode": 33,
            "x": 61.5,
            "y": -53.15,
            "z": 0.0
        },
        "27": {
            "Col": 10,
            "Row": 3,
            "ScanCode": 34,
            "x": 42.45,
            "y": -54.15,
            "z": 0.0
        },
        "28": {
            "Col": 12,
            "Row": 3,
            "ScanCode": 35,
            "x": 23.4,
            "y": -57.15,
            "z": 0.0
        },
        "29": {
            "Col": 14,
            "Row": 3,
            "ScanCode": 36,
            "x": 0.0,
            "y": -57.15,
            "z": 0.0
        },
        "30": {
            "Col": 16,
            "Row": 3,
            "ScanCode": 37,
            "x": 147.0,
            "y": -91.2,
            "z": 0.0
        },
        "31": {
            "Col": 1,
            "Row": 5,
            "ScanCode": 38,
            "x": 139.8,
            "y": -109.2,
            "z": 0.0
        },
        "32": {
            "Col": 2,
            "Row": 6,
            "ScanCode": 39,
            "x": 126.4,
            "y": -93.2,
            "z": 0.0
        },
        "33": {
            "Col": 3,
            "Row": 5,
            "ScanCode": 40,
            "x": 109.1,
            "y": -86.2,
            "z": 0.0
        },
        "34": {
            "Col": 5,
            "Row": 5,
            "ScanCode": 41,
            "x": 80.55,
            "y": -74.2,
            "z": 0.0
        },
        "35": {
            "Col": 8,
            "Row": 4,
            "ScanCode": 42,
            "x": 61.5,
            "y": -72.2,
            "z": 0.0
        },
        "36": {
            "Col": 10,
            "Row": 4,
            "ScanCode": 43,
            "x": 42.45,
            "y": -73.2,
            "z": 0.0
        },
        "37": {
            "Col": 12,
            "Row": 4,
            "ScanCode": 44,
            "x": 23.4,
            "y": -76.2,
            "z": 0.0
        },
        "38": {
            "Col": 14,
            "Row": 4,
            "ScanCode": 45,
            "x": 5.0,
            "y": -76.2,
            "z": 0.0
        },
        "39": {
            "Col": 15,
            "Row": 4
        }
    },
    "ScanCodes": {
        "3": {
            "Col": 16,
            "PixelId": 1,
            "Row": 6,
            "x": 118.65,
            "y": 1.0,
            "z": 0.0
        },
        "4": {
            "Col": 4,
            "PixelId": 2,
            "Row": 0,
            "x": 99.6,
            "y": 1.0,
            "z": 0.0
        },
        "5": {
            "Col": 6,
            "PixelId": 3,
            "Row": 0,
            "x": 80.55,
            "y": 2.0,
            "z": 0.0
        },
        "6": {
            "Col": 8,
            "PixelId": 4,
            "Row": 0,
            "x": 61.5,
            "y": 4.0,
            "z": 0.0
        },
        "7": {
            "Col": 10,
            "PixelId": 5,
            "Row": 0,
            "x": 42.45,
            "y": 3.0,
            "z": 0.0
        },
        "8": {
            "Col": 12,
            "PixelId": 6,
            "Row": 0,
            "x": 23.4,
            "y": 0.0,
            "z": 0.0
        },
        "9": {
            "Col": 14,
            "PixelId": 7,
            "Row": 0,
            "x": 0.0,
            "y": 0.0,
            "z": 0.0
        },
        "12": {
            "Col": 16,
            "PixelId": 8,
            "Row": 0,
            "x": 118.65,
            "y": -23.05,
            "z": 0.0
        },
        "13": {
            "Col": 4,
            "PixelId": 9,
            "Row": 1,
            "x": 99.6,
            "y": -18.05,
            "z": 0.0
        },
        "14": {
            "Col": 6,
            "PixelId": 10,
            "Row": 1,
            "x": 80.55,
            "y": -17.05,
            "z": 0.0
        },
        "15": {
            "Col": 8,
            "PixelId": 11,
            "Row": 1,
            "x": 61.5,
            "y": -15.05,
            "z": 0.0
        },
        "16": {
            "Col": 10,
            "PixelId": 12,
            "Row": 1,
            "x": 42.45,
            "y": -16.05,
            "z": 0.0
        },
        "17": {
            "Col": 12,
            "PixelId": 13,
            "Row": 1,
            "x": 23.4,
            "y": -19.05,
            "z": 0.0
        },
        "18": {
            "Col": 14,
            "PixelId": 14,
            "Row": 1,
            "x": 0.0,
            "y": -19.05,
            "z": 0.0
        },
        "22": {
            "Col": 16,
            "PixelId": 15,
            "Row": 1,
            "x": 99.6,
            "y": -37.1,
            "z": 0.0
        },
        "23": {
            "Col": 6,
            "PixelId": 16,
            "Row": 2,
            "x": 80.55,
            "y": -36.1,
            "z": 0.0
        },
        "24": {
            "Col": 8,
            "PixelId": 17,
            "Row": 2,
            "x": 61.5,
            "y": -34.1,
            "z": 0.0
        },
        "25": {
            "Col": 10,
            "PixelId": 18,
            "Row": 2,
            "x": 42.45,
            "y": -35.1,
            "z": 0.0
        },
        "26": {
            "Col": 12,
            "PixelId": 19,
            "Row": 2,
            "x": 23.4,
            "y": -38.1,
            "z": 0.0
        },
        "27": {
            "Col": 14,
            "PixelId": 20,
            "Row": 2,
            "x": 0.0,
            "y": -38.1,
            "z": 0.0
        },
        "28": {
            "Col": 16,
            "PixelId": 21,
            "Row": 2,
            "x": 154.95,
            "y": -75.05,
            "z": 0.0
        },
        "29": {
            "Col": 0,
            "PixelId": 22,
            "Row": 4,
            "x": 138.65,
            "y": -68.05,
            "z": 0.0
        },
        "30": {
            "Col": 2,
            "PixelId": 23,
            "Row": 4,
            "x": 118.65,
            "y": -51.05,
            "z": 0.0
        },
        "31": {
            "Col": 4,
            "PixelId": 24,
            "Row": 3,
            "x": 99.6,
            "y": -56.15,
            "z": 0.0
        },
        "32": {
            "Col": 6,
            "PixelId": 25,
            "Row": 3,
            "x": 80.55,
            "y": -55.15,
            "z": 0.0
        },
        "33": {
            "Col": 8,
            "PixelId": 26,
            "Row": 3,
            "x": 61.5,
            "y": -53.15,
            "z": 0.0
        },
        "34": {
            "Col": 10,
            "PixelId": 27,
            "Row": 3,
            "x": 42.45,
            "y": -54.15,
            "z": 0.0
        },
        "35": {
            "Col": 12,
            "PixelId": 28,
            "Row": 3,
            "x": 23.4,
            "y": -57.15,
            "z": 0.0
        },
        "36": {
            "Col": 14,
            "PixelId": 29,
            "Row": 3,
            "x": 0.0,
            "y": -57.15,
            "z": 0.0
        },
        "37": {
            "Col": 16,
            "PixelId": 30,
            "Row": 3,
            "x": 147.0,
            "y": -91.2,
            "z": 0.0
        },
        "38": {
            "Col": 1,
            "PixelId": 31,
            "Row": 5,
            "x": 139.8,
            "y": -109.2,
            "z": 0.0
        },
        "39": {
            "Col": 2,
            "PixelId": 32,
            "Row": 6,
            "x": 126.4,
            "y": -93.2,
            "z": 0.0
        },
        "40": {
            "Col": 3,
            "PixelId": 33,
            "Row": 5,
            "x": 109.1,
            "y": -86.2,
            "z": 0.0
        },
        "41": {
            "Col": 5,
            "PixelId": 34,
            "Row": 5,
            "x": 80.55,
            "y": -74.2,
            "z": 0.0
        },
        "42": {
            "Col": 8,
            "PixelId": 35,
            "Row": 4,
            "x": 61.5,
            "y": -72.2,
            "z": 0.0
        },
        "43": {
            "Col": 10,
            "PixelId": 36,
            "Row": 4,
            "x": 42.45,
            "y": -73.2,
            "z": 0.0
        },
        "44": {
            "Col": 12,
            "PixelId": 37,
            "Row": 4,
            "x": 23.4,
            "y": -76.2,
            "z": 0.0
        },
        "45": {
            "Col": 14,
            "PixelId": 38,
            "Row": 4,
            "x": 5.0,
            "y": -76.2,
            "z": 0.0
        }
    }
}